{"cameraMode":{"drawMode":0,"name":"Shaded","section":"Shading Mode"},"sceneLighting":true,"audioPlay":false,"sceneViewState":{"showFog":true,"showMaterialUpdate":false,"showSkybox":true,"showFlares":true,"showImageEffects":true,"showParticleSystems":true},"in2DMode":false,"pivot":{"x":979.2109375,"y":551.7130126953125,"z":-693.093505859375},"rotation":{"x":0.008437528274953366,"y":-0.004236307926476002,"z":0.00003086939614149742,"w":0.999955415725708},"size":627.7400512695313,"orthographic":false}