{"cameraMode":{"drawMode":0,"name":"Shaded","section":"Shading Mode"},"sceneLighting":true,"audioPlay":false,"sceneViewState":{"showFog":true,"showMaterialUpdate":false,"showSkybox":true,"showFlares":true,"showImageEffects":true,"showParticleSystems":true},"in2DMode":false,"pivot":{"x":549.6765747070313,"y":401.3804931640625,"z":196.7373046875},"rotation":{"x":-0.0151869747787714,"y":0.09998415410518646,"z":0.0015214432496577502,"w":0.994871973991394},"size":1400.071533203125,"orthographic":false}