{"cameraMode":{"drawMode":0,"name":"Shaded","section":"Shading Mode"},"sceneLighting":false,"audioPlay":false,"sceneViewState":{"showFog":true,"showMaterialUpdate":false,"showSkybox":true,"showFlares":true,"showImageEffects":true,"showParticleSystems":true},"in2DMode":false,"pivot":{"x":0.019999995827674867,"y":0.4869999885559082,"z":-13.329999923706055},"rotation":{"x":0.2968132197856903,"y":-0.7015842199325562,"z":0.4288969337940216,"w":0.4855193495750427},"size":1.8740400075912476,"orthographic":false}