{"cameraMode":{"drawMode":0,"name":"Shaded","section":"Shading Mode"},"sceneLighting":false,"audioPlay":false,"sceneViewState":{"showFog":true,"showMaterialUpdate":false,"showSkybox":true,"showFlares":true,"showImageEffects":true,"showParticleSystems":true},"in2DMode":false,"pivot":{"x":0.07999998331069946,"y":0.04799997806549072,"z":-1.3200000524520875},"rotation":{"x":0.6295067667961121,"y":-0.011449916288256646,"z":0.009275989606976509,"w":0.7768552899360657},"size":7.496158599853516,"orthographic":false}