{"cameraMode":{"drawMode":0,"name":"Shaded","section":"Shading Mode"},"sceneLighting":true,"audioPlay":false,"sceneViewState":{"showFog":true,"showMaterialUpdate":false,"showSkybox":true,"showFlares":true,"showImageEffects":true,"showParticleSystems":true},"in2DMode":false,"pivot":{"x":1052.8765869140625,"y":671.7421875,"z":-617.318359375},"rotation":{"x":0.07313989102840424,"y":-0.006917655002325773,"z":0.000505706004332751,"w":0.9972976446151733},"size":773.9002075195313,"orthographic":false}